<?xml version="1.0" ?><RECORD RECORDNAME="ams Store" COPYBOOK="EQRD451" DELIMITER="&lt;Tab&gt;" DESCRIPTION="Store Download to AMS" FILESTRUCTURE="Default" STYLE="0" RECORDTYPE="RecordLayout" LIST="Y" QUOTE="" RecSep="default"><FIELDS><FIELD NAME="Brand Id" POSITION="1" LENGTH="3" TYPE="Char" COBOLNAME="RK451-BRAND-ID"/><FIELD NAME="Loc Nbr" POSITION="4" LENGTH="4" TYPE="Char" COBOLNAME="RK451-LOC-NBR"/><FIELD NAME="Loc Type" POSITION="8" LENGTH="2" TYPE="Char" COBOLNAME="RK451-LOC-TYPE"/><FIELD NAME="Loc Name" POSITION="10" LENGTH="35" TYPE="Char" COBOLNAME="RK451-LOC-NAME"/><FIELD NAME="Loc Addr Ln1" POSITION="45" LENGTH="40" TYPE="Char" COBOLNAME="RK451-LOC-ADDR-LN1"/><FIELD NAME="Loc Addr Ln2" POSITION="85" LENGTH="40" TYPE="Char" COBOLNAME="RK451-LOC-ADDR-LN2"/><FIELD NAME="Loc Addr Ln3" POSITION="125" LENGTH="35" TYPE="Char" COBOLNAME="RK451-LOC-ADDR-LN3"/><FIELD NAME="Loc Postcode" POSITION="160" LENGTH="10" TYPE="Char" COBOLNAME="RK451-LOC-POSTCODE"/><FIELD NAME="Loc State" POSITION="170" LENGTH="3" TYPE="Char" COBOLNAME="RK451-LOC-STATE"/><FIELD NAME="Loc Actv Ind" POSITION="173" LENGTH="1" TYPE="Char" COBOLNAME="RK451-LOC-ACTV-IND"/></FIELDS></RECORD>