<?xml version="1.0" ?><RECORD RECORDNAME="DTAR107" COPYBOOK="DTAR107" DELIMITER="&lt;Tab&gt;" FONTNAME="CP037" FILESTRUCTURE="Default" STYLE="0" RECORDTYPE="RecordLayout" LIST="Y" QUOTE="" RecSep="default"><FIELDS><FIELD NAME="STORE-NO" POSITION="1" LENGTH="2" TYPE="Mainframe Packed Decimal (comp-3)" COBOLNAME="DTAR107-STORE-NO"/><FIELD NAME="STORE-NO-REDEF" POSITION="1" LENGTH="2" TYPE="Char" COBOLNAME="DTAR107-STORE-NO-REDEF"/><FIELD NAME="TRANS-DATE" POSITION="3" LENGTH="4" TYPE="Mainframe Packed Decimal (comp-3)" COBOLNAME="DTAR107-TRANS-DATE"/><FIELD NAME="CUST-NO" POSITION="7" LENGTH="16" TYPE="Num (Right Justified space padded)" COBOLNAME="DTAR107-CUST-NO"/><FIELD NAME="AMOUNT" POSITION="23" LENGTH="5" DECIMAL="2" TYPE="Mainframe Packed Decimal (comp-3)" COBOLNAME="DTAR107-AMOUNT"/><FIELD NAME="OPERATOR-NO" POSITION="28" LENGTH="5" TYPE="Mainframe Packed Decimal (comp-3)" COBOLNAME="DTAR107-OPERATOR-NO"/><FIELD NAME="TERMINAL-NO" POSITION="33" LENGTH="2" TYPE="Mainframe Packed Decimal (comp-3)" COBOLNAME="DTAR107-TERMINAL-NO"/><FIELD NAME="TIME" POSITION="35" LENGTH="3" TYPE="Mainframe Packed Decimal (comp-3)" COBOLNAME="DTAR107-TIME"/><FIELD NAME="TRANS-NO" POSITION="38" LENGTH="3" TYPE="Mainframe Packed Decimal (comp-3)" COBOLNAME="DTAR107-TRANS-NO"/><FIELD NAME="TRANS-TYPE" POSITION="41" LENGTH="2" TYPE="Num (Right Justified space padded)" COBOLNAME="DTAR107-TRANS-TYPE"/><FIELD NAME="TRANS-CODE" POSITION="43" LENGTH="2" TYPE="Num (Right Justified space padded)" COBOLNAME="DTAR107-TRANS-CODE"/><FIELD NAME="STD-POINTS" POSITION="45" LENGTH="4" TYPE="Mainframe Packed Decimal (comp-3)" COBOLNAME="DTAR107-STD-POINTS"/><FIELD NAME="BONUS-POINTS" POSITION="49" LENGTH="4" TYPE="Mainframe Packed Decimal (comp-3)" COBOLNAME="DTAR107-BONUS-POINTS"/><FIELD NAME="NO-OF-TXNS" POSITION="53" LENGTH="2" TYPE="Num (Right Justified space padded)" COBOLNAME="DTAR107-NO-OF-TXNS"/></FIELDS></RECORD>