<?xml version="1.0" ?><RECORD RECORDNAME="DTAR119" COPYBOOK="DTAR119" DELIMITER="&lt;Tab&gt;" FONTNAME="CP037" FILESTRUCTURE="Default" STYLE="0" RECORDTYPE="RecordLayout" LIST="Y" QUOTE="" RecSep="default"><FIELDS><FIELD NAME="STORE-NO" POSITION="1" LENGTH="2" TYPE="Mainframe Packed Decimal (comp-3)" COBOLNAME="DTAR119-STORE-NO"/><FIELD NAME="TRANS-DATE" POSITION="3" LENGTH="4" TYPE="Mainframe Packed Decimal (comp-3)" COBOLNAME="DTAR119-TRANS-DATE"/><FIELD NAME="TRANS-CODE" POSITION="7" LENGTH="2" TYPE="Mainframe Packed Decimal (comp-3)" COBOLNAME="DTAR119-TRANS-CODE"/><FIELD NAME="CARD-NO" POSITION="9" LENGTH="16" TYPE="Num (Right Justified space padded)" COBOLNAME="DTAR119-CARD-NO"/><FIELD NAME="TERMINAL-ID" POSITION="25" LENGTH="3" TYPE="Num (Right Justified space padded)" COBOLNAME="DTAR119-TERMINAL-ID"/><FIELD NAME="TRANS-NO" POSITION="28" LENGTH="4" TYPE="Num (Right Justified space padded)" COBOLNAME="DTAR119-TRANS-NO"/><FIELD NAME="BONUS-POINTS" POSITION="32" LENGTH="4" TYPE="Mainframe Packed Decimal (comp-3)" COBOLNAME="DTAR119-BONUS-POINTS"/><FIELD NAME="KEYCODE" POSITION="36" LENGTH="5" TYPE="Mainframe Packed Decimal (comp-3)" COBOLNAME="DTAR119-KEYCODE"/><FIELD NAME="KEYCODE-AMT" POSITION="41" LENGTH="5" DECIMAL="2" TYPE="Mainframe Packed Decimal (comp-3)" COBOLNAME="DTAR119-KEYCODE-AMT"/><FIELD NAME="KEYCODE-QTY" POSITION="46" LENGTH="5" DECIMAL="2" TYPE="Mainframe Packed Decimal (comp-3)" COBOLNAME="DTAR119-KEYCODE-QTY"/><FIELD NAME="PROM-NO" POSITION="51" LENGTH="3" TYPE="Mainframe Packed Decimal (comp-3)" COBOLNAME="DTAR119-PROM-NO"/></FIELDS></RECORD>