<?xml version="1.0" ?><RECORD RECORDNAME="RE_Text" COPYBOOK="" DELIMITER="`" FILESTRUCTURE="Open_Cobol_VB" STYLE="0" RECORDTYPE="Delimited" LIST="Y" QUOTE="" RecSep="default" LINE_NO_FIELD_NAMES="1"><FIELDS><FIELD NAME="usage" DESCRIPTION="Field type or usage" POSITION="1" TYPE="Char"/><FIELD NAME="id" DESCRIPTION="lookup key (if different from the text" POSITION="2" TYPE="Char"/><FIELD NAME="text" DESCRIPTION="text to be translated" POSITION="3" TYPE="Char"/><FIELD NAME="pnl" DESCRIPTION="panel used on (if known)" POSITION="4" TYPE="Char"/><FIELD NAME="desc" DESCRIPTION="Description" POSITION="5" TYPE="Char"/><FIELD NAME="Date" DESCRIPTION="Date YYYYMMDD format" POSITION="6" TYPE="Char"/><FIELD NAME="Index" DESCRIPTION="Integer Id for row" POSITION="7" TYPE="Char"/></FIELDS></RECORD>