<?xml version="1.0" ?><RECORD RECORDNAME="wx4File" COPYBOOK="" DELIMITER="&lt;Tab&gt;" DESCRIPTION="ww File Def" FILESTRUCTURE="Default" STYLE="0" RECORDTYPE="GroupOfRecords" LIST="Y" QUOTE="" RecSep="default" LINE_NO_FIELD_NAMES="1"><RECORDS><RECORD RECORDNAME="wwProd01" COPYBOOK="" DELIMITER="&lt;Tab&gt;" DESCRIPTION="Prod 01 Record" FILESTRUCTURE="Default" STYLE="0" RECORDTYPE="RecordLayout" LIST="N" QUOTE="" RecSep="default" LINE_NO_FIELD_NAMES="1"><TSTFIELDS><AND><TSTFIELD NAME="RecordType1" VALUE="P"/><TSTFIELD NAME="RecordType2" VALUE="01"/><TSTFIELD NAME="RecordType2" VALUE="05"/></AND></TSTFIELDS><FIELDS><FIELD NAME="RecordType1" POSITION="1" LENGTH="1" TYPE="Char"/><FIELD NAME="RecordType2" POSITION="3" LENGTH="2" TYPE="Char"/><FIELD NAME="Field11" POSITION="5" LENGTH="4" TYPE="Char"/><FIELD NAME="Field12" POSITION="9" LENGTH="8" TYPE="Num (Right Justified zero padded)"/><FIELD NAME="Field13" POSITION="17" LENGTH="3" TYPE="Char"/></FIELDS></RECORD><RECORD RECORDNAME="wwProd02" COPYBOOK="" DELIMITER="&lt;Tab&gt;" FILESTRUCTURE="Default" STYLE="0" RECORDTYPE="RecordLayout" LIST="N" PARENT="wwProdHead" QUOTE="" RecSep="default" LINE_NO_FIELD_NAMES="1"><FIELDS><FIELD NAME="RecordType1" POSITION="1" LENGTH="1" TYPE="Char"/><FIELD NAME="RecordType2" POSITION="3" LENGTH="2" TYPE="Char"/><FIELD NAME="Field21" POSITION="5" LENGTH="4" TYPE="Char"/><FIELD NAME="Field22" POSITION="9" LENGTH="8" TYPE="Num (Right Justified zero padded)"/><FIELD NAME="Field23" POSITION="17" LENGTH="3" TYPE="Char"/></FIELDS></RECORD><RECORD RECORDNAME="wwProd05" COPYBOOK="" DELIMITER="&lt;Tab&gt;" FILESTRUCTURE="Default" STYLE="0" RECORDTYPE="RecordLayout" LIST="N" PARENT="wwProdHead" QUOTE="" RecSep="default" LINE_NO_FIELD_NAMES="1"><FIELDS><FIELD NAME="RecordType1" POSITION="1" LENGTH="1" TYPE="Char"/><FIELD NAME="RecordType2" POSITION="3" LENGTH="2" TYPE="Char"/><FIELD NAME="Field51" POSITION="5" LENGTH="6" TYPE="Char"/><FIELD NAME="Field52" POSITION="11" LENGTH="9" TYPE="Num (Right Justified zero padded)"/><FIELD NAME="Field53" POSITION="26" LENGTH="3" TYPE="Char"/></FIELDS></RECORD><RECORD RECORDNAME="wwTrailer" COPYBOOK="" DELIMITER="&lt;Tab&gt;" FILESTRUCTURE="Default" STYLE="0" RECORDTYPE="RecordLayout" LIST="N" PARENT="wwHeader" QUOTE="" RecSep="default" LINE_NO_FIELD_NAMES="1"><TSTFIELDS><AND><TSTFIELD NAME="RecordType1" VALUE="T"/><TSTFIELD NAME="RecordType2" VALUE="TR"/></AND></TSTFIELDS><FIELDS><FIELD NAME="RecordType1" POSITION="1" LENGTH="1" TYPE="Char"/><FIELD NAME="RecordType2" POSITION="3" LENGTH="2" TYPE="Char"/><FIELD NAME="Count" POSITION="17" LENGTH="8" TYPE="Num (Right Justified zero padded)"/></FIELDS></RECORD><RECORD RECORDNAME="wwProdHead" COPYBOOK="" DELIMITER="&lt;Tab&gt;" FILESTRUCTURE="Default" STYLE="0" RECORDTYPE="RecordLayout" LIST="N" PARENT="wwHeader" QUOTE="" RecSep="default" LINE_NO_FIELD_NAMES="1"><TSTFIELDS><AND><TSTFIELD NAME="RecordType1" VALUE="P"/><TSTFIELD NAME="RecordType2" VALUE="HD"/></AND></TSTFIELDS><FIELDS><FIELD NAME="RecordType1" POSITION="1" LENGTH="1" TYPE="Char"/><FIELD NAME="RecordType2" POSITION="3" LENGTH="2" TYPE="Char"/><FIELD NAME="Dept" POSITION="5" LENGTH="4" TYPE="Char"/><FIELD NAME="Product" POSITION="9" LENGTH="8" TYPE="Num (Right Justified zero padded)"/></FIELDS></RECORD><RECORD RECORDNAME="wwHeader" COPYBOOK="" DELIMITER="&lt;Tab&gt;" DESCRIPTION="File Header" FILESTRUCTURE="Default" STYLE="0" RECORDTYPE="RecordLayout" LIST="Y" QUOTE="" RecSep="default" LINE_NO_FIELD_NAMES="1"><TSTFIELDS><AND><TSTFIELD NAME="RecordType1" VALUE="H"/><TSTFIELD NAME="RecordType2" VALUE="HD"/></AND></TSTFIELDS><FIELDS><FIELD NAME="RecordType1" POSITION="1" LENGTH="1" TYPE="Char"/><FIELD NAME="RecordType2" POSITION="3" LENGTH="2" TYPE="Char"/><FIELD NAME="RunDate" POSITION="5" LENGTH="8" TYPE="Char"/><FIELD NAME="RunNumber" POSITION="13" LENGTH="8" TYPE="Num (Right Justified zero padded)"/></FIELDS></RECORD><RECORD RECORDNAME="wwProd07" COPYBOOK="" DELIMITER="&lt;Tab&gt;" FILESTRUCTURE="Default" STYLE="0" RECORDTYPE="RecordLayout" LIST="N" QUOTE="" RecSep="default" LINE_NO_FIELD_NAMES="1"><TSTFIELDS><AND><TSTFIELD NAME="RecordType1" VALUE="P"/><TSTFIELD NAME="RecordType2" VALUE="07"/></AND></TSTFIELDS><FIELDS><FIELD NAME="RecordType1" DESCRIPTION="Char" POSITION="1" LENGTH="1" TYPE="Char"/><FIELD NAME="RecordType2" DESCRIPTION="Char" POSITION="3" LENGTH="2" TYPE="Char"/><FIELD NAME="Field71" DESCRIPTION="Char" POSITION="5" LENGTH="6" TYPE="Char"/><FIELD NAME="Field72" DESCRIPTION="Num (Right Justified zero padded)" POSITION="11" LENGTH="9" TYPE="Num (Right Justified zero padded)"/><FIELD NAME="Field73" DESCRIPTION="Char" POSITION="26" LENGTH="3" TYPE="Char"/></FIELDS></RECORD></RECORDS></RECORD>