<?xml version="1.0" ?><RECORD RECORDNAME="xDTAR1000 VB" COPYBOOK="" DELIMITER="&lt;Tab&gt;" DESCRIPTION="DTAR10000" FILESTRUCTURE="Mainframe_VB" STYLE="0" RECORDTYPE="GroupOfBinaryRecords" LIST="Y" QUOTE="" RecSep="default"><RECORDS><RECORD RECORDNAME="DTAR020" COPYBOOK="DTAR020" DELIMITER="&lt;Tab&gt;" FONTNAME="CP037" FILESTRUCTURE="Default" STYLE="0" RECORDTYPE="RecordLayout" LIST="Y" PARENT="DTAR020" QUOTE="" RecSep="default"><FIELDS><FIELD NAME="KEYCODE-NO" POSITION="1" LENGTH="8" TYPE="Char" COBOLNAME="DTAR020-KEYCODE-NO"/><FIELD NAME="STORE-NO" POSITION="9" LENGTH="2" TYPE="Mainframe Packed Decimal (comp-3)" COBOLNAME="DTAR020-STORE-NO"/><FIELD NAME="DATE" POSITION="11" LENGTH="4" TYPE="Mainframe Packed Decimal (comp-3)" COBOLNAME="DTAR020-DATE"/><FIELD NAME="DEPT-NO" POSITION="15" LENGTH="2" TYPE="Mainframe Packed Decimal (comp-3)" COBOLNAME="DTAR020-DEPT-NO"/><FIELD NAME="QTY-SOLD" POSITION="17" LENGTH="5" TYPE="Mainframe Packed Decimal (comp-3)" COBOLNAME="DTAR020-QTY-SOLD"/><FIELD NAME="SALE-PRICE" POSITION="22" LENGTH="6" DECIMAL="2" TYPE="Mainframe Packed Decimal (comp-3)" COBOLNAME="DTAR020-SALE-PRICE"/></FIELDS></RECORD><RECORD RECORDNAME="DTAR1000 VB" COPYBOOK="DTAR1000" DELIMITER="&lt;Tab&gt;" DESCRIPTION="Stores File VB" FONTNAME="CP037" FILESTRUCTURE="Mainframe_VB" STYLE="0" RECORDTYPE="BinaryRecord" LIST="Y" PARENT="DTAR020" QUOTE="" RecSep="default" TESTVALUE="*"><FIELDS><FIELD NAME="STORE-NO" POSITION="1" LENGTH="2" TYPE="Binary Integer Big Endian (Mainframe?)" COBOLNAME="DTAR1000-STORE-NO"/><FIELD NAME="REGION-NO" POSITION="3" LENGTH="2" TYPE="Binary Integer Big Endian (Mainframe?)" COBOLNAME="DTAR1000-REGION-NO"/><FIELD NAME="STORE-NAME" POSITION="5" LENGTH="50" TYPE="Char" COBOLNAME="DTAR1000-STORE-NAME"/><FIELD NAME="NEW-STORE" POSITION="55" LENGTH="1" TYPE="Char" COBOLNAME="DTAR1000-NEW-STORE"/><FIELD NAME="ACTIVE-STORE" POSITION="56" LENGTH="1" TYPE="Char" COBOLNAME="DTAR1000-ACTIVE-STORE"/><FIELD NAME="CLOSED-STORE" POSITION="57" LENGTH="1" TYPE="Char" COBOLNAME="DTAR1000-CLOSED-STORE"/><FIELD NAME="DC-TYPE" POSITION="58" LENGTH="1" TYPE="Char" COBOLNAME="DTAR1000-DC-TYPE"/><FIELD NAME="SRC-TYPE" POSITION="59" LENGTH="1" TYPE="Char" COBOLNAME="DTAR1000-SRC-TYPE"/><FIELD NAME="HO-TYPE" POSITION="60" LENGTH="1" TYPE="Char" COBOLNAME="DTAR1000-HO-TYPE"/></FIELDS></RECORD></RECORDS></RECORD>