<copybook filename="DTAR1000_RECFMU.cbl"><!--*****************************************************************--><!--* DTAR1001 - STORE DETAILS EXTRACT FILE--><!--* AUTHOR BRUCE MARTIN   5 SEP 2003--><!--* VERS   DATE   AUTHOR    PURPOSE--><!--* ==============================================================--><!--*  01  05/09/03 B MARTIN  INITIAL VERSION--><!--*****************************************************************--><item display-length="60" level="03" name="DTAR1000-REC" position="1" storage-length="60"><item display-length="4" level="10" name="DTAR1000-STORE-NO" numeric="true" picture="S9(4)" position="1" signed="true" storage-length="2" usage="computational"/><item display-length="4" level="10" name="DTAR1000-REGION-NO" numeric="true" picture="S9(4)" position="3" signed="true" storage-length="2" usage="computational"/><item display-length="50" level="10" name="DTAR1000-STORE-NAME" picture="X(50)" position="5" storage-length="50"/><item display-length="1" level="10" name="DTAR1000-NEW-STORE" picture="X(1)" position="55" storage-length="1"/><item display-length="1" level="10" name="DTAR1000-ACTIVE-STORE" picture="X(1)" position="56" storage-length="1"/><item display-length="1" level="10" name="DTAR1000-CLOSED-STORE" picture="X(1)" position="57" storage-length="1"/><item display-length="1" level="10" name="DTAR1000-DC-TYPE" picture="X(1)" position="58" storage-length="1"/><item display-length="1" level="10" name="DTAR1000-SRC-TYPE" picture="X(1)" position="59" storage-length="1"/><item display-length="1" level="10" name="DTAR1000-HO-TYPE" picture="X(1)" position="60" storage-length="1"/></item></copybook>
