<copybook filename="EQRD451.cbl"><!--*****************************************************************--><!--*  COPYBOOK NAME:  EQRD451                                      *--><!--*                                                               *--><!--*===============================================================*--><!--* VERS |  DATE    | DESCRIPTION              | AUTHOR           *--><!--*======+- - - - - - - - - -+- - - - - - - - - - - - - - - - - - - - - - - - - -+- - - - - - - - - - - - - - - - - -*--><!--*  01  |23-SEP-99 | FIRST ISSUE              | ROY J. GONSALVES *--><!--*===============================================================*--><item display-length="173" level="01" name="RK451-RECORD" position="1" storage-length="173"><item display-length="3" level="03" name="RK451-BRAND-ID" picture="X(03)" position="1" storage-length="3"/><item display-length="4" level="03" name="RK451-LOC-NBR" picture="X(04)" position="4" storage-length="4"/><item display-length="2" level="03" name="RK451-LOC-TYPE" picture="X(02)" position="8" storage-length="2"/><item display-length="35" level="03" name="RK451-LOC-NAME" picture="X(35)" position="10" storage-length="35"/><item display-length="40" level="03" name="RK451-LOC-ADDR-LN1" picture="X(40)" position="45" storage-length="40"/><item display-length="40" level="03" name="RK451-LOC-ADDR-LN2" picture="X(40)" position="85" storage-length="40"/><item display-length="35" level="03" name="RK451-LOC-ADDR-LN3" picture="X(35)" position="125" storage-length="35"/><item display-length="10" level="03" name="RK451-LOC-POSTCODE" picture="X(10)" position="160" storage-length="10"/><item display-length="3" level="03" name="RK451-LOC-STATE" picture="X(03)" position="170" storage-length="3"/><item display-length="1" level="03" name="RK451-LOC-ACTV-IND" picture="X(01)" position="173" storage-length="1"/></item></copybook>
