<copybook filename="RENTAL_RECORD.cbl"><item display-length="56" level="01" name="RENTAL-RECORD" position="1" storage-length="56"><item display-length="6" level="05" name="REN-CONTRACT-NO" numeric="true" picture="9(6)" position="1" storage-length="6"/><item display-length="26" level="05" name="REN-NAME" position="7" storage-length="26"><item display-length="15" level="10" name="REN-LAST-NAME" picture="X(15)" position="7" storage-length="15"/><item display-length="10" level="10" name="REN-FIRST-NAME" picture="X(10)" position="22" storage-length="10"/><item display-length="1" level="10" name="REN-INITIAL" picture="X" position="32" storage-length="1"/></item><item display-length="6" level="05" name="REN-RETURNED-DATE" position="33" storage-length="6"><item display-length="2" level="10" name="REN-RETURNED-YEAR" numeric="true" picture="9(2)" position="33" storage-length="2"/><item display-length="2" level="10" name="REN-RETURNED-MONTH" numeric="true" picture="9(2)" position="35" storage-length="2"><condition name="VALID-MONTHS"><condition through="12" value="1"/></condition><condition name="FEBRUARY"><condition value="2"/></condition><condition name="D30-DAY-MONTH"><condition value="4"/><condition value="6"/><condition value="9"/><condition value="11"/></condition><condition name="D31-DAY-MONTH"><condition value="1"/><condition value="3"/><condition value="5"/><condition value="7"/><condition value="8"/><condition value="10"/><condition value="12"/></condition></item><item display-length="2" level="10" name="REN-RETURNED-DAY" numeric="true" picture="9(2)" position="37" storage-length="2"/></item><item display-length="1" level="05" name="REN-CAR-TYPE" picture="X" position="39" storage-length="1"><condition name="VALID-CAR-TYPES"><condition value="E"/><condition value="C"/><condition value="M"/><condition value="F"/><condition value="L"/></condition></item><item display-length="2" level="05" name="REN-DAYS-RENTED" numeric="true" picture="99" position="40" storage-length="2"><condition name="ZERO-DAYS-RENTED"><condition value="0"/></condition><condition name="VALID-DAYS-RENTED"><condition through="35" value="1"/></condition></item><item display-length="14" level="05" name="REN-MILEAGE" position="42" storage-length="14"><item display-length="6" level="10" name="REN-MILES-IN" numeric="true" picture="9(6)" position="42" storage-length="6"/><item display-length="6" level="10" name="REN-MILES-OUT" numeric="true" picture="9(6)" position="48" storage-length="6"/><item display-length="2" level="10" name="REN-MILEAGE-RATE" numeric="true" picture="99" position="54" storage-length="2"><condition name="VALID-MILEAGE-RATES"><condition through="50" value="00"/></condition></item></item><item display-length="1" level="05" name="REN-INSURANCE" picture="X" position="56" storage-length="1"><condition name="VALID-INSURANCE"><condition value="Y"/><condition value="N"/></condition></item></item></copybook>
