<copybook filename="TRANSACTION_RECORD.cbl"><item display-length="37" level="01" name="WS-TRANSACTION-RECORD" position="1" storage-length="37"><item display-length="9" level="05" name="TR-SOC-SEC-NUMBER" picture="X(9)" position="1" storage-length="9"/><item display-length="17" level="05" name="TR-NAME" position="10" storage-length="17"><item display-length="15" level="10" name="TR-LAST-NAME" picture="X(15)" position="10" storage-length="15"/><item display-length="2" level="10" name="TR-INITIALS" picture="XX" position="25" storage-length="2"/></item><item display-length="3" level="05" name="TR-LOCATION-CODE" picture="X(3)" position="27" storage-length="3"/><item display-length="2" level="05" name="TR-COMMISSION-RATE" numeric="true" picture="99" position="30" storage-length="2"/><item display-length="5" level="05" name="TR-SALES-AMOUNT" numeric="true" picture="9(5)" position="32" storage-length="5"/><item display-length="1" level="05" name="TR-TRANSACTION-CODE" picture="X" position="37" storage-length="1"><condition name="ADDITION"><condition value="A"/></condition><condition name="CORRECTION"><condition value="C"/></condition><condition name="DELETION"><condition value="D"/></condition><condition name="VALID-CODES"><condition value="A"/><condition value="C"/><condition value="D"/></condition></item></item></copybook>
