<copybook filename="XMPLDECIDER.cbl"><item display-length="31" level="01" name="Product-Header" position="1" storage-length="31"><item display-length="1" level="03" name="Record-Type" picture="X" position="1" storage-length="1"><condition name="Header-Record"><condition value="H"/></condition><condition name="Detail-Record"><condition value="D"/></condition></item><item display-length="30" level="03" name="Header-Details" picture="X(30)" position="2" storage-length="30"/></item><item display-length="50" level="01" name="Product-Detail-1" position="1" storage-length="50"><item display-length="1" level="03" name="Record-Type" picture="X" position="1" storage-length="1"/><item display-length="8" level="03" name="Product-1" numeric="true" picture="9(8)" position="2" storage-length="8"/><item display-length="1" level="03" name="Update-What" picture="X" position="10" storage-length="1"><condition name="Update-Product-Details"><condition value="P"/></condition><condition name="Update-Department-Details"><condition value="D"/></condition></item><item display-length="40" level="03" name="Product-Details" picture="X(40)" position="11" storage-length="40"/></item><item display-length="44" level="01" name="Product-Detail-2" position="1" storage-length="44"><item display-length="1" level="03" name="Record-Type" picture="X" position="1" storage-length="1"/><item display-length="8" level="03" name="Product-2" numeric="true" picture="9(8)" position="2" storage-length="8"/><item display-length="1" level="03" name="Update-What" picture="X" position="10" storage-length="1"/><item display-length="34" level="03" name="Department-Details" position="11" storage-length="34"><item display-length="4" level="05" name="Department-Number" numeric="true" picture="9(4)" position="11" storage-length="4"/><item display-length="30" level="05" name="Department-Name" picture="X(30)" position="15" storage-length="30"/></item></item></copybook>
